date,title,url
10/15(火),CEATEC 2019(シーテック 2019),https://www.m-messe.co.jp/event/detail/5788
10/18(金),家具メッセバザール in 幕張メッセ,https://www.m-messe.co.jp/event/detail/5949
10/19(土),京成バスお客様感謝フェスティバル,https://www.m-messe.co.jp/event/detail/5911
10/20(日),第24回 エコメッセ2019 inちば,https://www.m-messe.co.jp/event/detail/5797
10/22(火),UNO MISAKO LIVE TOUR 2019 -Honey Story-,https://www.m-messe.co.jp/event/detail/5890
10/23(水),第10回 Japan IT Week【秋】,https://www.m-messe.co.jp/event/detail/5790
10/23(水),第10回 クラウド コンピューティングEXPO【秋】,https://www.m-messe.co.jp/event/detail/5818
10/23(水),第9回 情報セキュリティEXPO【秋】,https://www.m-messe.co.jp/event/detail/5819
10/23(水),第9回 Web&デジタル マーケティングEXPO【秋】,https://www.m-messe.co.jp/event/detail/5820
10/23(水),第9回 モバイル活用展【秋】,https://www.m-messe.co.jp/event/detail/5821
10/23(水),第8回 データセンター&ストレージEXPO【秋】(旧称:データセンター展【秋】),https://www.m-messe.co.jp/event/detail/5822
10/23(水),第8回 セールス自動化・CRM EXPO【秋】,https://www.m-messe.co.jp/event/detail/5878
10/23(水),第7回 通販ソリューション展【秋】,https://www.m-messe.co.jp/event/detail/5824
10/23(水),第5回 IoT/M2M展【秋】,https://www.m-messe.co.jp/event/detail/5825
10/23(水),第3回 店舗ITソリューション展【秋】,https://www.m-messe.co.jp/event/detail/5826
10/23(水),第3回 AI・業務自動化 展【秋】,https://www.m-messe.co.jp/event/detail/5827
10/23(水),第1回 組込みシステム 開発技術展【秋】,https://www.m-messe.co.jp/event/detail/5828
10/23(水),第1回 ソフトウェア&アプリ開発 展【秋】,https://www.m-messe.co.jp/event/detail/5829
10/23(水),第2回 医療と介護の総合展 [東京] 通称:メディカルジャパン 東京,https://www.m-messe.co.jp/event/detail/5792
10/23(水),第2回 医療機器・設備 EXPO [東京],https://www.m-messe.co.jp/event/detail/5806
date,title,url
2019年10月15日(火)～2019年10月18日(金),CEATEC 2019(シーテック 2019),10:00～17:00
2019年10月23日(水)～2019年10月25日(金),第2回 医療と介護の総合展 [東京] 通称:メディカルジャパン 東京,10:00～18:00
2019年10月23日(水)～2019年10月25日(金),第1回 ソフトウェア&アプリ開発 展【秋】,10:00～18:00
2019年10月23日(水)～2019年10月25日(金),第1回 組込みシステム 開発技術展【秋】,10:00～18:00
2019年10月23日(水)～2019年10月25日(金),第3回 AI・業務自動化 展【秋】,10:00～18:00
2019年10月23日(水)～2019年10月25日(金),第3回 店舗ITソリューション展【秋】,10:00～18:00
2019年10月23日(水)～2019年10月25日(金),第5回 IoT/M2M展【秋】,10:00～18:00
2019年10月23日(水)～2019年10月25日(金),第7回 通販ソリューション展【秋】,10:00～18:00
2019年10月23日(水)～2019年10月25日(金),第8回 セールス自動化・CRM EXPO【秋】,10:00～18:00
2019年10月23日(水)～2019年10月25日(金),第8回 データセンター&ストレージEXPO【秋】(旧称:データセンター展【秋】),10:00～18:00
2019年10月23日(水)～2019年10月25日(金),第9回 モバイル活用展【秋】,10:00～18:00
2019年10月23日(水)～2019年10月25日(金),第9回 Web&デジタル マーケティングEXPO【秋】,10:00～18:00
2019年10月23日(水)～2019年10月25日(金),第9回 情報セキュリティEXPO【秋】,10:00～18:00
2019年10月23日(水)～2019年10月25日(金),第10回 クラウド コンピューティングEXPO【秋】,10:00～18:00
2019年10月23日(水)～2019年10月25日(金),第10回 Japan IT Week【秋】,10:00～18:00
2019年10月22日(火)～2019年10月23日(水),UNO MISAKO LIVE TOUR 2019 -Honey Story-,22日 16:00開場/17:00開演
2019年10月23日(水)～2019年10月25日(金),第2回 医療機器・設備 EXPO [東京],10:00～18:00
2019年10月20日(日),第24回 エコメッセ2019 inちば,10:00～16:00
2019年10月19日(土),京成バスお客様感謝フェスティバル,10:00～15:00
2019年10月18日(金)～2019年10月20日(日),家具メッセバザール in 幕張メッセ,10/18(金)10:00～19:00
